ID,Label
00MZGKU,0
015JA41,0
01POB64,0
02125F8,0
03E8VFF,0
053Y2GD,0
066QOIT,0
06Q72AB,0
07JRPDQ,0
07QS525,0
07R341Z,0
08R0J76,0
09GGWSW,0
0ANNUI1,0
0APXE11,0
0CWHE77,0
0CWXP2S,0
0DG9EKU,0
0DK9WAI,0
0DNLS8O,0
0DOQZ2M,0
0DUU68N,0
0F0ZS9T,0
0F8PT4O,0
0FQGLVD,0
0FUGN8N,0
0GDATKL,0
0GRRWGK,0
0H5NA4T,0
0HJFWIJ,0
0IHCI55,0
0JMSPXK,0
0K9979Z,0
0KIOURS,0
0L10GQN,0
0LK3R19,0
0LRK1B6,0
0LX9KSG,0
0M2N7UX,0
0MO2H0E,0
0N6X207,0
0O6HOE5,0
0OHD4NA,0
0PIXCTY,0
0QCK0GE,0
0QU1TKC,0
0QWD97E,0
0R3JOET,0
0SCE2JO,0
0SD2F2B,0
0SEARZB,0
0SLZXMO,0
0U5INR1,0
0U74TOF,0
0U9BRMW,0
0UAN4HU,0
0UM8RQW,0
0V7MFEB,0
0VGDJNQ,0
0W9LNBJ,0
0XSMAQT,0
0XVJW7K,0
0YADFT2,0
0YKKB3Y,0
0YT2PIA,0
0Z1VXZ7,0
0ZBU2X7,0
0ZKQAJ9,0
1071Z7U,0
10C6TAV,0
10TRNWV,0
11Q79HB,0
12NYTLG,0
133DG2O,0
13DJ890,0
13OPOVV,0
13T7CD5,0
14BJLCM,0
150IFSH,0
15LR35K,0
15XCX3G,0
16HX7VM,0
16VWL28,0
18XC6QA,0
18YRASV,0
196X075,0
1A4C5PG,0
1AJZCVB,0
1AOWES2,0
1ARBO3N,0
1ASKKE2,0
1AVJMFI,0
1B12Y44,0
1BDNSJV,0
1DW3VH2,0
1EDYL0V,0
1EN0LFF,0
1FDBZHG,0
1FO1T9T,0
1FYOV5T,0
1GA8U15,0
1GAJZ6Q,0
1GDDF0W,0
1GMUFKE,0
1H368IH,0
1HFTTYT,0
1I707Q8,0
1I7YLUF,0
1IJWJVH,0
1IQHF41,0
1JJRNWU,0
1JX99UZ,0
1K5ILMU,0
1MEHUZA,0
1MOCVSS,0
1N0SZRC,0
1N1C5Q2,0
1NOLIRQ,0
1NTNLG8,0
1OVZCS7,0
1PIOGCL,0
1PV5UCX,0
1PZ0FG0,0
1QE511Q,0
1QTFO7D,0
1QXRTJG,0
1QZTOIC,0
1RGJA1V,0
1RWYCRB,0
1TTVGG4,0
1U89N3E,0
1V4XP0J,0
1VOQXMN,0
1VUZSDI,0
1WKNC7P,0
1WW578S,0
1YHN0HG,0
1Z5ADPE,0
1ZKB4XC,0
201B68I,0
20260XR,0
20QWNSP,0
21P33TT,0
22FFFMZ,0
22YMHDA,0
23B6IDP,0
24638M3,0
24FVXLZ,0
24HOLQD,0
24IC4DJ,0
25WZG4H,0
2712PVF,0
276WXWH,0
2797TFH,0
27FR28E,0
27QEI27,0
29PZ62M,0
29ZBFFC,0
2A78OXV,0
2A9R7RY,0
2ABGLQE,0
2AL992O,0
2ATM3H5,0
2B49W5Z,0
2BL6GS4,0
2BP4Y7N,0
2CG4OQ4,0
2CV8H5H,0
2D4FV1X,0
2D83MKG,0
2DIJ3J3,0
2EQ3STA,0
2F6GBHW,0
2FK44F4,0
2FZK0GB,0
2GAD8L3,0
2H0BNAT,0
2H75PP7,0
2HAGOP6,0
2HUMVA0,0
2IHHADT,0
2IRIOH9,0
2IYMP8N,0
2JFIMI8,0
2JTXACZ,0
2KKVPN5,0
2L2SCV0,0
2MLS2H8,0
2NA2Q0R,0
2NJIU4L,0
2OKLAHS,0
2PF4DH1,0
2PT38SA,0
2PWUOU9,0
2QGAFQ0,0
2R2QDTA,0
2R49QYI,0
2RE1V2T,0
2RMFVV9,0
2SU1BYQ,0
2TQOBQB,0
2TUZDT9,0
2U4AABB,0
2UFX42W,0
2V309FY,0
2V7M8ET,0
2X0R36U,0
2X0R9XJ,0
2XFBSER,0
2XU9OA9,0
2Y8QG5S,0
2ZIY91Z,0
302H0US,0
30Q5S7R,0
30QFZK8,0
31KC11C,0
326NYII,0
32SB6IQ,0
32VWP36,0
33F946P,0
33KBDX4,0
33TZ0G9,0
33WBGB0,0
34EUDSC,0
34TPSPL,0
34UYF26,0
35YE0U3,0
367MRZM,0
3717ULI,0
37F9JU7,0
37JUWLR,0
37W3373,0
383X48S,0
395IABE,0
3961QF4,0
399904P,0
39L31VG,0
3A3XMQF,0
3AFNSBF,0
3AVCWAI,0
3BD3725,0
3CRFAIR,0
3D1O70H,0
3E7E05P,0
3EI4TFZ,0
3EJG3X4,0
3EPR398,0
3EUZ96L,0
3H2HIVN,0
3H9YB3Z,0
3HAZFSZ,0
3HQF8RD,0
3HZ2PF1,0
3I6P9ET,0
3IA6JEZ,0
3IC184U,0
3IVY72Z,0
3J2VT0W,0
3JLJ1OT,0
3JVXY2L,0
3K8HWY3,0
3KM96Q2,0
3KWE3RJ,0
3KWXKN9,0
3KY5SPJ,0
3L6UBOY,0
3M2NEKR,0
3MAYX9Z,0
3MLRHT6,0
3MXNEBY,0
3O1I1BY,0
3O1ZQDL,0
3OLOSDR,0
3OZYTOC,0
3PSR2IS,0
3QABTTG,0
3RG6XV2,0
3RLK983,0
3RMTJPU,0
3SSMGF2,0
3U6IX2F,0
3UVOR59,0
3UW8851,0
3W86ZH4,0
3X39NRT,0
3XJ7ADI,0
3YSIWHF,0
3ZO26KO,0
405KXSZ,0
40Q3KHR,0
40TUAEB,0
411JXCP,0
4130MCP,0
415IMAJ,0
41BX6HD,0
41R4MJW,0
42J4O5X,0
42QQXIN,0
431NZHK,0
43AG0TU,0
43LGJQT,0
44JN14J,0
44T9J9S,0
45MHKEE,0
45TWXDY,0
45XPLDT,0
4679OMZ,0
46864CQ,0
46JVY9T,0
47ZSW0V,0
48XNCHM,0
495RF22,0
49ASIZL,0
4ARVRIV,0
4B4KWT4,0
4BTMPF6,0
4BWAH03,0
4C9YHEX,0
4D8TZIF,0
4DL8C3W,0
4DZA1J9,0
4E2P073,0
4E4USKB,0
4E560NC,0
4EN1W94,0
4EY7QK2,0
4F2HJB7,0
4F4C487,0
4F7PRVX,0
4FYJLCD,0
4G3F6ZR,0
4H4VHKI,0
4HBBHS6,0
4HDO7IK,0
4HNF36G,0
4IL91RU,0
4IPZPC5,0
4IXZT2O,0
4JQ1JZP,0
4K24Z2G,0
4K3V46V,0
4KUMXNP,0
4L0425Q,0
4L9OFRN,0
4LE8X1W,0
4LM3YB5,0
4LXKV1W,0
4M4JV4U,0
4M5BIBJ,0
4M5PW3S,0
4MJJ2QR,0
4N5DVAM,0
4O70PSE,0
4OIWOY7,0
4Q01FHY,0
4Q9Z9U5,0
4QAUZKN,0
4QJLQL1,0
4R654WI,0
4RHJ1JR,0
4RPLXCH,0
4SCBQE0,0
4SZ1IA1,0
4TMMWNF,0
4TPCY2H,0
4TS9YBL,0
4TZAV8A,0
4U7NAF7,0
4UAY6WX,0
4UL32QJ,0
4USCL4R,0
4VBE386,0
4VSRVR9,0
4WOO8BD,0
4XJJGTY,0
4YWLVH9,0
4Z1X8Z0,0
4ZT4XD1,0
4ZWGMI2,0
50GCYZS,0
50UR0C6,0
50XNYEB,0
510JGM4,0
51O64Y3,0
5207YU0,0
526MIRJ,0
52G0FNL,0
52U13H4,0
53Y8P3O,0
54Q73B8,0
56EQH9H,0
56HUFXP,0
56O6W65,0
56RF1M8,0
56W0A5U,0
57SKO0I,0
58QUHI8,0
59RNRNR,0
5A3JJFV,0
5ASPJJ9,0
5AV7PYE,0
5B1EYMM,0
5B327FE,0
5BB41LH,0
5CGS6Q5,0
5D20X5Z,0
5E8V1O0,0
5EHYPNR,0
5FI6LOB,0
5GMFLKH,0
5GU1X6C,0
5GZT0XE,0
5HC4WW9,0
5HR56GM,0
5IAOF7B,0
5IP37IJ,0
5J5SPFI,0
5J9J9CQ,0
5JVGYE2,0
5KJNPBU,0
5KSI1Q3,0
5KVO7NN,0
5LLY9WB,0
5MGDP5Y,0
5MGI39A,0
5MW2OJF,0
5MXFYXB,0
5N4BYY9,0
5NITZJ6,0
5O1KZL0,0
5O2KAXG,0
5O41VRQ,0
5OE4SKY,0
5OV1E9E,0
5P14E7T,0
5Q1496D,0
5Q1SFEB,0
5QKFNN5,0
5R99U1Z,0
5RR5RDJ,0
5SSHHMA,0
5SX19KA,0
5T6J47Y,0
5TDEYNU,0
5TFVFPF,0
5TLWC6L,0
5UCC4RL,0
5UV9F0N,0
5V0FCVG,0
5VPV465,0
5W185TK,0
5WEYHSH,0
5WFXVGE,0
5WR54VG,0
5XCLK61,0
5XP41DO,0
5XW5Q2A,0
5YLTWQ7,0
5YM9XMI,0
5Z07TQ1,0
5ZF6Q0B,0
5ZIZAP0,0
5ZNOJFU,0
5ZU72WS,0
61DF8XB,0
61NVKBR,0
62HAR4W,0
63D2BA9,0
649MVS4,0
65BM2B3,0
663CLB1,0
66GKN2U,0
66N7V66,0
66USZ2W,0
673R7XU,0
68CZ87U,0
68NC4J3,0
698ITW2,0
69HUARV,0
6AOHZY6,0
6AST2EP,0
6C4Q55B,0
6CANLGK,0
6CCKEMR,0
6CJ6W9A,0
6CJJLEG,0
6CUE29G,0
6CV8JSH,0
6CWGK2D,0
6DJ6K5B,0
6DXGAFA,0
6DZQE48,0
6E3X6EU,0
6EKK49B,0
6EPAUVN,0
6F5HSY8,0
6GWWFLY,0
6HU2010,0
6JYRTMX,0
6KCAN53,0
6L7UEFG,0
6LC2SOT,0
6LP9YCB,0
6MGGUSW,0
6NW3UV4,0
6O4RAPJ,0
6OQXFU6,0
6Q8Z7RW,0
6Q9X1LY,0
6QHYIY3,0
6QN71Y9,0
6QWGN3Q,0
6RNMQPV,0
6RXBHGZ,0
6SW0V8W,0
6U2B7FC,0
6UVF0O5,0
6W1T94T,0
6WDIKZ0,0
6WLE7E8,0
6WXCAY6,0
6X7XAML,0
6YU4EJZ,0
6YV387Z,0
6Z7NBY8,0
6ZFS0BR,0
703QKOB,0
7095Z23,0
70NU2ID,0
71037SO,0
7104CWI,0
710F63Y,0
7158BYT,0
71ZJG0U,0
72AMPKE,0
72VPKXG,0
74A4L4D,0
74BWFC0,0
74Y7IRB,0
75MJJFI,0
75N9B3J,0
7635UFX,0
7669MNQ,0
76B3GS1,0
76HOYMW,0
76X8B3X,0
78GN3ZU,0
79F8OCZ,0
79GB3M8,0
79OF3MM,0
7AF2CG3,0
7AP7J5B,0
7APAGDH,0
7AZLIXZ,0
7B1I2F4,0
7B494IA,0
7B5J8E1,0
7BHVCGD,0
7BTALNM,0
7C9DKSP,0
7DSKCA8,0
7E4MLXE,0
7EF2WAL,0
7ES38WE,0
7EYTK7M,0
7F04I0I,0
7F62D0Q,0
7FL74WB,0
7FYJNQG,0
7GD1O2X,0
7H2ATWR,0
7HF3DPR,0
7HQUDDC,0
7I9JHBI,0
7JGFR3P,0
7KJ7FHX,0
7LXDSKM,0
7MP1PEM,0
7NL4N7R,0
7NQ880M,0
7NRIFII,0
7NU8GNQ,0
7NXKTTN,0
7OJTZQX,0
7QGRRB5,0
7R381LW,0
7R8EEHO,0
7RSW9XB,0
7S2WHQB,0
7S8G4T9,0
7SBA37O,0
7SIVGQ1,0
7T6EQ70,0
7TQCRAD,0
7VU9O77,0
7W1BFYM,0
7W4Y54E,0
7X6DNFX,0
7XED6JT,0
7XR5CEJ,0
7Y47FUI,0
7ZDTJV4,0
7ZEPC8C,0
7ZJN98X,0
80KHW55,0
81LN5WN,0
81V1NGN,0
82QNTOM,0
83YPCRH,0
84DRKAW,0
84VUXPS,0
85CKXW3,0
85NTHFK,0
85O8UQ4,0
85VYCOX,0
86A7BSY,0
86QTWDU,0
8783VDB,0
88AT0SA,0
88BM2S5,0
88QBI2N,0
8911QPD,0
896NG11,0
89829AE,0
8AEP7S4,0
8BLL54Z,0
8CAEE5K,0
8D31P5L,0
8DBQFKJ,0
8F8MIN6,0
8FF0HPY,0
8G9F89C,0
8GI454H,0
8GU0JKA,0
8H1Q7MO,0
8IQZLVH,0
8J0CADF,0
8J8J64F,0
8JVN6UA,0
8K926TM,0
8KC0DMI,0
8KF2BI4,0
8KL7Q1G,0
8L2KXHU,0
8LDS02K,0
8LJOUZP,0
8MLD892,0
8N9CTJB,0
8O3XT82,0
8OVR668,0
8P45NM3,0
8P7KA1C,0
8PHQ8K4,0
8Q6LV6J,0
8QMW7PR,0
8RNPAB0,0
8TGXYPP,0
8UHMFYX,0
8UY3TH2,0
8V4OQPJ,0
8VPUORH,0
8X6DRWA,0
8Y2679X,0
8YD12DF,0
8ZQDAHG,0
90AGJ1Y,0
919840K,0
928LAVE,0
928NAXS,0
92CL8ZU,0
92QIWPU,0
9393L89,0
93DI1VC,0
944GTO1,0
94G83J2,0
94TGEGX,0
957VUOE,0
95QAHIH,0
96VLXZC,0
9788VKD,0
97N7CD6,0
97P4BCB,0
98D3PR0,0
99A7LVH,0
99UH4AB,0
99V63YA,0
99Z3GKN,0
9AOPYGS,0
9B2JTMC,0
9B4HJ3P,0
9BY7PZN,0
9C9BB7V,0
9CB0RMZ,0
9CEKX2M,0
9CHVT4G,0
9CVSQU2,0
9ECHS07,0
9EXV484,0
9F2XMYU,0
9FSR3AN,0
9HCLDQ9,0
9HCSP58,0
9HVVYIW,0
9I08PUD,0
9I2GLG1,0
9I6MX0T,0
9IFPH09,0
9IQ3IYC,0
9JO3WNW,0
9KLZZZH,0
9LQNOIH,0
9LQVKUR,0
9MZOXY2,0
9NDPQN6,0
9NT5Q74,0
9O9W1S0,0
9OJAV50,0
9OKZEFC,0
9PSU64N,0
9PZ4Q8H,0
9Q2N37H,0
9Q3EAYE,0
9QLJKLB,0
9QMLQV2,0
9QOB652,0
9QXLF84,0
9RJUVZG,0
9RRZP5S,0
9S0MQOK,0
9SMXJAZ,0
9SQFK50,0
9T1VRIK,0
9TMEO8T,0
9U4UW88,0
9UF3QU7,0
9UIZAO1,0
9V34LU9,0
9WFNPS4,0
9WVH0QD,0
9X8G0UN,0
9XDTID1,0
9XGBKCW,0
9XJLW45,0
9YDKEBC,0
9YIBIBM,0
9YP4YMQ,0
9Z1MRC3,0
9ZG3SHF,0
A02C4MF,0
A05MN33,0
A1BZQJG,0
A1F4Z6I,0
A31V6LV,0
A3MJ262,0
A3XSNTB,0
A4S77CC,0
A5NWAWA,0
A6LKP39,0
A7L56VJ,0
A8JOKV4,0
A8VU0UH,0
A93KT5G,0
A95VZ7E,0
A97DYXI,0
A9CG26Y,0
A9I16O6,0
A9XOWEG,0
AAJZUOP,0
ADSJ246,0
ADXUOU0,0
AE2H1VJ,0
AEE1I5X,0
AEE4B30,0
AEXJVRD,0
AEYM8XY,0
AFRW5U8,0
AG2VT28,0
AGKPR4I,0
AHIISOM,0
AHK5VTP,0
AJ98XAN,0
AJF5XN7,0
AKTWGXZ,0
AL7ZLAS,0
ALOKQCD,0
AM1ERCM,0
AM4YYYC,0
AMUUDUJ,0
AN7VC2X,0
ANN243U,0
ANRDN58,0
AORV8RT,0
APR5XW3,0
AQAGV9W,0
AQCU122,0
ARN2S9C,0
ARP9610,0
ART3LIH,0
AS0XJHI,0
AS86EK6,0
ASE9MRI,0
ASRR5NT,0
ASW5OGG,0
AT0OOG2,0
AT76LMY,0
AUOCIC6,0
AVNECFX,0
AVZBB3Z,0
AWIPW3U,0
AWK7JNQ,0
AWKVWZA,0
AWNVY0X,0
AXKXX69,0
AXP8GAX,0
AXXTTBW,0
AY0M0AI,0
AYFJ8SD,0
AYJ1OVS,0
AYTWFXZ,0
AYV6RGH,0
AYV71U2,0
AZ7GNC7,0
AZEYLG3,0
AZK0GAS,0
B0B8W00,0
B0UAKHK,0
B0UIEYD,0
B2UP7EV,0
B2XTIN0,0
B31S87O,0
B3F6E22,0
B4DRX8C,0
B5FL5N9,0
B5MNGRE,0
B5QF681,0
B5Y3N97,0
B70KLFL,0
B76Y5DM,0
B7ANLVG,0
B7BS9US,0
B7NFRVK,0
B87CWVT,0
B8WFDLN,0
B9U1ZY5,0
BAH1SZM,0
BAPJVFG,0
BAX77QD,0
BBQDMKE,0
BD4NHPK,0
BDPCPZN,0
BE4TETA,0
BE8RVQP,0
BFFTRPP,0
BFN2RTR,0
BFNG5AJ,0
BG4Y7I6,0
BG6Z947,0
BG73IAY,0
BGHU2NM,0
BIC8GBC,0
BIXJQAZ,0
BJ9FYBH,0
BKIXIIA,0
BKOWSBF,0
BKQHXCL,0
BLBF8T3,0
BLG6YK2,0
BLIB55V,0
BLJ7GKN,0
BMCBJWV,0
BNW0KLN,0
BO02KP2,0
BOJUELD,0
BPU0N9X,0
BQLGR9U,0
BQSDTVR,0
BR152VR,0
BR1FHO1,0
BRK1HUS,0
BRU3LBW,0
BS94NBI,0
BSEFE70,0
BTJ3GN4,0
BU4PJ2J,0
BUDT4FU,0
BUKJTR9,0
BV2P9TP,0
BV5QK5Y,0
BWR5533,0
BWV4KXH,0
BXOR2VW,0
BY4QL1E,0
BZO73MI,0
C08OF8C,0
C0OMYH2,0
C0T961P,0
C0W1Z3D,0
C1C6GXG,0
C1MHADM,0
C27SVXA,0
C2EHLZ7,0
C2PM9BA,0
C33AEAE,0
C38CGJZ,0
C3ZV7I6,0
C41RXRI,0
C4MMHUT,0
C54G9KP,0
C58CDD8,0
C59RQ02,0
C5IT8B1,0
C635LW1,0
C6382GP,0
C6S31H4,0
C7B7W0X,0
C7JOKLY,0
C7OPR59,0
C8FDJM9,0
C8RIER2,0
C91QA43,0
CA9ILYW,0
CAKV9N6,0
CB1FU1Y,0
CBFPIFP,0
CCEF63B,0
CD40A9M,0
CE4DH2N,0
CEVHF7L,0
CF6NL6S,0
CF9A3KU,0
CG9I32A,0
CGB22UC,0
CGERTGQ,0
CGGNABB,0
CGITB2S,0
CHLQQFT,0
CIE38R0,0
CIMDEAP,0
CJ1ME61,0
CJO69VO,0
CJOYAYE,0
CJQR6DW,0
CKCDMGX,0
CKFOQMB,0
CKS0IP3,0
CKUCZX7,0
CL3QK9T,0
CM049LD,0
CMFN87K,0
CMJJLRF,0
CN82AII,0
COXJMMG,0
CPNR3LK,0
CPVX48R,0
CQ379QH,0
CQHNPPL,0
CQJYAJ7,0
CSDHO5Y,0
CSYF1KS,0
CSZ8KRQ,0
CTY7CHJ,0
CUHDGEE,0
CUO5AVZ,0
CUR1MI4,0
CUZVBQQ,0
CVCR6A3,0
CVHDES5,0
CVLJ7IL,0
CVMJKOF,0
CWCMWMS,0
CWE6TD1,0
CWTQ3EW,0
CXI8DX0,0
CYZK34W,0
D07MB8Z,0
D0ISH9D,0
D1AE74T,0
D1Z2442,0
D2N0WUX,0
D3015G1,0
D3CMFUK,0
D3UWA45,0
D42PBXH,0
D54N237,0
D5938SB,0
D5DWEYY,0
D5HGGK7,0
D5LPGHU,0
D5W7W1X,0
D616YJ4,0
D65TD3K,0
D66538F,0
D79G1WB,0
D7JZ8BY,0
D7KPHC3,0
D7LN6MT,0
D89HO5H,0
D8JPZDE,0
D8LX3E8,0
DB8JBCF,0
DC0E7EZ,0
DCF6CE9,0
DDG1KZB,0
DDIM4IV,0
DDW3JWD,0
DEOFPG3,0
DF1Y7A0,0
DF38EKM,0
DGT7M4E,0
DGWZ4J5,0
DGXUEMG,0
DH4UC6U,0
DHH63TD,0
DIH28R6,0
DIO9420,0
DIQG9KW,0
DJ56TJ7,0
DJTLD3X,0
DJYF8Y4,0
DKXI87Z,0
DL9LNTC,0
DMLCJQX,0
DMQPSEP,0
DOKNJ9O,0
DOTSMZW,0
DQHS4MU,0
DRD6Q6T,0
DS6ZQ49,0
DSAPQI4,0
DSGX0VR,0
DT6RJK0,0
DTCQ092,0
DTD6GHP,0
DTZ5ZUX,0
DUH3D1B,0
DV42MB9,0
DV92M9K,0
DVGSA8V,0
DWMZEYT,0
DX6XXRQ,0
DYC8UPU,0
DYHDB6K,0
DZFI9R6,0
DZGZTQE,0
DZKW82N,0
E008TW4,0
E02W827,0
E1NTZ9N,0
E21NBOO,0
E23ZFYD,0
E2LQDCJ,0
E311GPI,0
E4HWL53,0
E4J2CJV,0
E4UQKTJ,0
E5QPWKY,0
E5RL7PO,0
E69SO99,0
E6JPEDO,0
E6ORU91,0
E777SM5,0
E79PNNB,0
E7N21AN,0
E7TF5VO,0
E815QPG,0
E9731TA,0
E9DYOBU,0
EAYRIP1,0
EAYTGHU,0
EB5RD6V,0
ECK083L,0
ECKYZNE,0
EDCD31R,0
EDNN7E0,0
EEYAPNY,0
EFM7FY9,0
EG4MBZJ,0
EGNBLPR,0
EHEK5JO,0
EHET3R7,0
EI7UFM4,0
EILBH9V,0
EIOM5IJ,0
EJP25X3,0
EMH6P2N,0
EMHIWYU,0
EN8O72D,0
ENN49KL,0
EOKRVYX,0
EOKXU35,0
EPBAAHG,0
EPZI2RP,0
EQ4WWH1,0
EQXCB5I,0
ERKMIOK,0
ERYWBK9,0
EU9KQM9,0
EUB56XB,0
EUNJZKV,0
EVQ5HW7,0
EWBKKDD,0
EWHEZA9,0
EWQCACI,0
EX93NEI,0
EXDM3DD,0
EXWTBG1,0
EYFZF6E,0
EYX6Y3Q,0
EZUYF01,0
F0U6CKH,0
F0Z2VRU,0
F12XMUM,0
F17BPDN,0
F1DHQGQ,0
F252NSK,0
F2DK9CB,0
F4F16G6,0
F4FL7D5,0
F5R2LHE,0
F60KZJN,0
F6AAAIA,0
F7G3SVG,0
F81G3T1,0
F8AZKW0,0
F8CQ1FS,0
F8IYJT5,0
FA2DGJV,0
FAQFVQH,0
FAUVTC6,0
FAYXLWO,0
FB9J0ED,0
FBFMJKI,0
FBPB3C2,0
FBSF2R8,0
FBU4NSS,0
FCXIJ9Q,0
FE0RQ9T,0
FE6RPV4,0
FEE3C7Y,0
FETLLHV,0
FFEEFD2,0
FFLA04U,0
FFUMO1F,0
FG1TCKK,0
FIF6QO3,0
FIXUXTF,0
FIZPIC9,0
FJE62PI,0
FK4N3QO,0
FKGREBD,0
FL3MHTU,0
FLMASS8,0
FM60NLR,0
FMGPR6V,0
FMOE8CK,0
FNB0I8H,0
FNFMYX2,0
FNJTHFA,0
FNPJXCR,0
FO2KFFC,0
FPFRNYN,0
FPKSTZM,0
FPM94YV,0
FPRYXF3,0
FRCG03L,0
FRF9AE7,0
FRFP9RQ,0
FRIPR9L,0
FSMY3XE,0
FSOWSQT,0
FTPVBZM,0
FUTW1OM,0
FUXGRSO,0
FV20OH2,0
FW0EVC0,0
FW42M3C,0
FWS41FE,0
FWV64VK,0
FXEMCQ2,0
FXWA9P6,0
FZF9PNI,0
FZI4101,0
FZUPNK6,0
G22BWB0,0
G3HHQS0,0
G3IQDVL,0
G41ZDXE,0
G4AK5JB,0
G5GRYEX,0
G68P8FL,0
G6EN2Q4,0
G6FZWAV,0
G6H7ETO,0
G6MKUHO,0
G6P191G,0
G7J8UUM,0
G8WQJOF,0
G96NBI5,0
G9ZPPHS,0
GAAHS61,0
GAIUSV2,0
GAL0XQ1,0
GCZEVAJ,0
GDPYD0A,0
GDW6UBI,0
GFJB341,0
GFPY4K4,0
GI25DDX,0
GIBPB7Y,0
GIE3HFV,0
GIFHZD3,0
GJN703F,0
GJRZYYO,0
GLQZY9V,0
GMXTFDC,0
GN7TPQ5,0
GNESAE1,0
GNS2PAC,0
GOCGPPL,0
GP3JZ5L,0
GP3MNC7,0
GPGMLLQ,0
GPMN1CW,0
GPQIPPI,0
GPSR645,0
GQV2Y60,0
GR09NN4,0
GR2PTV0,0
GRM7GIN,0
GS6H2J0,0
GSD2EIF,0
GT72YWC,0
GTA6O1K,0
GTB7KKD,0
GU9X2V6,0
GUFCKD9,0
GUP6X7P,0
GUZ1V89,0
GV2E0QN,0
GW1MNYG,0
GYXEUWH,0
GYZK2ZA,0
GZ5VR1A,0
GZ85E1S,0
GZMIIWU,0
H0EAI2P,0
H0IQTIU,0
H13QI1N,0
H1AO3PY,0
H1C7U3U,0
H1FXIJK,0
H1HUFSX,0
H1IHES8,0
H1Z57SQ,0
H2UVP23,0
H33PS7L,0
H3NMU82,0
H3XPHIQ,0
H41I33J,0
H5EMIG0,0
H5UOIQI,0
H5ZW9HE,0
H6237TI,0
H6EY9BD,0
H6IQBHL,0
H6QJVHJ,0
H6V4B64,0
H707000,0
H7EU4SM,0
H7ODZO2,0
H8A7TY7,0
H8V9QQ5,0
H9658EA,0
H98QYQ6,0
H9HGB4B,0
HA0WGEX,0
HA17RQM,0
HA7HB3L,0
HAGR6EI,0
HAJVHFC,0
HB3CCUY,0
HB7XU24,0
HBKOXPQ,0
HCN9O81,0
HCTUIKD,0
HD75GU9,0
HDZ92C7,0
HE8UEJT,0
HFI0MJM,0
HGD9FII,0
HGITQTD,0
HGWVGK0,0
HHFTPS2,0
HIBJIEP,0
HIJWN1H,0
HIZ37T4,0
HJ12VEN,0
HJ46PHZ,0
HJBWIUC,0
HNM9QF4,0
HNWQDFU,0
HPOEPHF,0
HPVGSXE,0
HQM1L03,0
HR44U7E,0
HRUU2WQ,0
HS5F752,0
HSNUXBT,0
HSUQCQD,0
HTXXK5N,0
HU2996O,0
HVDG40C,0
HW6HX9X,0
HXPIRW7,0
HZKVUQR,0
I01F5W6,0
I0CKG98,0
I1RQ459,0
I1RZY39,0
I2AAQG0,0
I3547HT,0
I39WWWF,0
I4PGI9I,0
I5QBUW7,0
I65NE8B,0
I6DRGCM,0
I6GSR1N,0
I772HGS,0
I7OUGRD,0
I7ZNUCF,0
I82SKA3,0
I8ZXP0S,0
I95Q1P6,0
IA0WIFD,0
IAFJ7G0,0
IAYIJP9,0
IB0TL9G,0
IBU3C6R,0
ICB3HUA,0
IDTH04F,0
IE5DMVJ,0
IFSQ8YG,0
IFXLFYY,0
IG32ZVJ,0
IGP0U7C,0
IIU3JWP,0
IJJSDE1,0
IJOYF98,0
IL0OO6J,0
IL3FG9S,0
IN1PEOI,0
IO5XYA3,0
IOJ5MEY,0
IPEPV43,0
IPM2V5N,0
IPSVT4U,0
IQ7677R,0
IQKNO15,0
IR2A1O1,0
IRUZCGA,0
IS05SPW,0
ISGLSZN,0
ISKHG47,0
ISRHF8K,0
IT5V4KW,0
ITB6R5J,0
ITQX2TT,0
IUM9SHI,0
IVKLKFK,0
IVM6NZU,0
IVSI1CM,0
IWCPDCE,0
IXXCB23,0
IYBMG1Z,0
IYOD9FC,0
IZ4ZT55,0
IZ6RP73,0
IZF67Q3,0
IZHFJMQ,0
J08AL0L,0
J0H90ZY,0
J0UBGWM,0
J0XVB4O,0
J0XYSXM,0
J0ZP5P6,0
J18MNNX,0
J28NG8F,0
J2IC7LS,0
J30447D,0
J31UIC7,0
J33WYI7,0
J36XLS7,0
J3BQ3AA,0
J3Z37Q2,0
J478EVT,0
J49MQUD,0
J4DAYE8,0
J4E2BIS,0
J4NV9K2,0
J4YOGXT,0
J5GSJ5O,0
J5IWVZ1,0
J6ATM7T,0
J6BDNDF,0
J6FXYKJ,0
J820YM0,0
J83M5HI,0
J8VZMCM,0
J9KST3P,0
J9OXOXJ,0
J9PUHBC,0
J9QRXK1,0
JA3SLMC,0
JA3SUV9,0
JAIMXJK,0
JASW48A,0
JBDWKH4,0
JDCU1BB,0
JDJ79ZM,0
JDV5ASX,0
JEK1B7Z,0
JEKPM74,0
JG13U4D,0
JHL13NX,0
JHWYAXV,0
JHZ8TZU,0
JI30UR8,0
JI95AC8,0
JIRV3S9,0
JIYK4UC,0
JJ5RRDM,0
JJ9URN4,0
JKH1QTN,0
JLN8UP6,0
JLSD0VG,0
JMRS4QU,0
JMTMT7A,0
JNAACIU,0
JNZ601M,0
JOJZQBT,0
JOP996O,0
JOPO5KZ,0
JP0SKDD,0
JPB1YQ7,0
JPFXN5J,0
JPNL64O,0
JQD65MO,0
JQJPB1R,0
JQPVKYF,0
JQYDB36,0
JR5ACE3,0
JSES9ML,0
JTI6LEZ,0
JTLZY7A,0
JU1UW15,0
JUSPCPH,0
JV3G4RP,0
JVTIU8C,0
JVYGRFP,0
JX1L760,0
JX9MYX3,0
JXT8V9B,0
JY2KFI3,0
JYEUBFA,0
JYG9F93,0
JZ79YGM,0
JZIK54B,0
K0JYH8V,0
K0N3496,0
K0TF3XJ,0
K1YIT7T,0
K3WWIWN,0
K4C0O7U,0
K4H04VQ,0
K586E63,0
K5QF5H4,0
K5XPJDU,0
K63W16K,0
K699SKA,0
K6XQHO5,0
K70DZEG,0
K7AA5M6,0
K7QIOT4,0
K85LM8K,0
K8FQLLT,0
K8MIF2W,0
K8QDPNB,0
KAK5W0U,0
KAWW0BH,0
KB28IB2,0
KB4LNWV,0
KCCSJKN,0
KCP59S8,0
KDN7UUG,0
KE7ZAXB,0
KEOJSJB,0
KEQRSTN,0
KFKYAFY,0
KGHRVIF,0
KGVKSQQ,0
KIE0VID,0
KIHPEQ8,0
KJG3YIT,0
KJGGEBA,0
KJSCQRF,0
KKTW5V3,0
KLEY6MZ,0
KLKUXW4,0
KLP79GX,0
KLVKE0H,0
KLWVP5I,0
KLYL7LI,0
KM5IZIZ,0
KMA8HMS,0
KMEKEO8,0
KMLQ85A,0
KMT2PML,0
KMW3H57,0
KNYIMGU,0
KOUX8XN,0
KPO5LSJ,0
KRBQQP6,0
KRT2WSQ,0
KRXRZJO,0
KRZVJX7,0
KS1CG51,0
KS7ABCL,0
KST49H6,0
KSU6C04,0
KSV8Q7A,0
KT5FHDG,0
KTL0F53,0
KTV400O,0
KTXA73K,0
KTYIHUO,0
KU14Q9U,0
KUHR3W6,0
KUUPU66,0
KVAHKGQ,0
KW0QEKE,0
KW7PCE0,0
KWABKVE,0
KX8L5BZ,0
KXGDKBP,0
KXWAPT8,0
KZ2DYFS,0
KZRUDPY,0
L0B1RDB,0
L0NW1GL,0
L1VZYL6,0
L1YNQP0,0
L2ZYR2C,0
L4FU4OV,0
L5365BG,0
L5QU6LZ,0
L65WKRO,0
L6YZ4GA,0
L6ZDMXO,0
L77WHZU,0
L84UA8I,0
L8OUB04,0
L8TNOLN,0
LA241I6,0
LAH22U9,0
LASLWH8,0
LB6TKNE,0
LBZKDV0,0
LCL8JNE,0
LD0QHBJ,0
LD8E6YX,0
LD8WUU4,0
LDY2XXL,0
LH43EZ0,0
LHCK8RS,0
LI3IASC,0
LIKN87E,0
LJ5JG87,0
LJYAQZK,0
LK9B1G0,0
LL5US6P,0
LNSINC1,0
LO227ZU,0
LORDNMX,0
LOZLLM0,0
LPBSHZH,0
LPGBSBY,0
LPYS3R6,0
LQAOJ03,0
LR9DEQY,0
LRF1KDH,0
LRJSKSR,0
LRXTR0S,0
LSUQEZU,0
LT0SPL9,0
LTQ9DEJ,0
LU8B715,0
LVLOPH4,0
LVMDLPW,0
LW0IZYR,0
LW5SHK6,0
LWNER2Y,0
LWNTG7Q,0
LWZO3U7,0
LX34JYG,0
LX8OZKY,0
LXXLTWV,0
LY1FF0J,0
LY2M515,0
LZ9PLBO,0
M0KYCAE,0
M13EFY0,0
M1CHL0P,0
M1MCD5E,0
M1QF3BI,0
M1WWLEG,0
M26S3J9,0
M2IXF3M,0
M2JQNPH,0
M2MIWT0,0
M3GXFKG,0
M3RI46V,0
M54Y1S7,0
M5GKBF4,0
M6QEQFQ,0
M746KJ5,0
M8038X0,0
M827C34,0
M8DE2CZ,0
MBB044W,0
MCE1JQU,0
ME0JBWI,0
MEMQAXV,0
MFGHIKU,0
MG5FID9,0
MGXT9YT,0
MHGWJNO,0
MIMKJOT,0
MIUUGYB,0
MJ1Y2WB,0
MJKVENN,0
MJQVAYS,0
MKHAPM3,0
MKXFPY4,0
MM2KUJF,0
MM2N1VS,0
MO14D1G,0
MOABW0P,0
MOKNARX,0
MPFML7Z,0
MPFV0DZ,0
MPX2G7I,0
MQHBS0F,0
MQRI5VV,0
MRAZJKB,0
MRJ2XO4,0
MRS1RZ0,0
MTGVGNU,0
MTPE4Y0,0
MTQ84QW,0
MTRIFQX,0
MTROEA4,0
MTSMFTK,0
MUN8PNV,0
MV0XTTM,0
MW002BO,0
MXG6CR6,0
MYF1JA5,0
MYGCW8T,0
MZ1QCS8,0
MZ6IL44,0
MZLYKTN,0
MZP5V5T,0
MZQI7XT,0
N01C3SD,0
N04CIOF,0
N067XGP,0
N07TNIH,0
N09IIE8,0
N1FJPCX,0
N1GBLRT,0
N1NRX28,0
N22LUQW,0
N2SIYXK,0
N2URRWX,0
N32W4NO,0
N3M0JZC,0
N3RLRQ8,0
N40AE9L,0
N4DI2LY,0
N4ZE0UV,0
N54F1Y4,0
N5FXBTI,0
N5NWM6S,0
N5TV040,0
N67T6IP,0
N6B8AAV,0
N71K8VX,0
N77P2OF,0
N7C3J5H,0
N7JFDZO,0
N7WRJBB,0
N8QDITW,0
N8T1KY0,0
N97OVLY,0
N9D8QKI,0
N9J4930,0
NAGFVMD,0
NAITEHU,0
NAN0JZR,0
NCFM94L,0
NDBB53E,0
NDDJUMB,0
NE8M4JH,0
NEMUIQL,0
NG75TZL,0
NGF203H,0
NGUTPA8,0
NH3K1TW,0
NHEYOYW,0
NHGQC6U,0
NHQW717,0
NICH67D,0
NIFZCO4,0
NJI1YX8,0
NKEARTQ,0
NKMK8LA,0
NKV30XY,0
NLH20K7,0
NLVS1D8,0
NM58UZ8,0
NMMV1IH,0
NMNB74L,0
NMQLVI0,0
NN70QGP,0
NNM5LTC,0
NOUVRMN,0
NPHC4N4,0
NRVZNFC,0
NRZZBN3,0
NS0CPOG,0
NTA4WB3,0
NTFZ7TZ,0
NU39ZTB,0
NVF9U4N,0
NVM6S99,0
NVQWTQK,0
NW44D40,0
NW4AWSR,0
NY88UT5,0
NYC9345,0
NYECB47,0
NYL6JGA,0
NZCKCHK,0
O035G0R,0
O0M9TS8,0
O1IKFTM,0
O1MG36K,0
O2IV99S,0
O38N0ZG,0
O3SWDUF,0
O4QOKH0,0
O69PGSY,0
O6KBSCY,0
O6L792E,0
O7FPGMS,0
O7OOUR3,0
O7U2CO5,0
O9FA760,0
O9FNJAH,0
O9IH2ZO,0
O9VLAFO,0
OAXOB6G,0
OAZITZ2,0
OBEIJGF,0
OBLG5E9,0
OBWL58F,0
OD9UC63,0
ODYKHFF,0
OEMRSK8,0
OF7WPXG,0
OFFD69R,0
OG0EP3D,0
OG5DEGW,0
OGD0EZ6,0
OGJ3QA1,0
OGXKG76,0
OHUABS0,0
OHZI63E,0
OIJSQXQ,0
OJW2HW2,0
OKSUMZA,0
OLS6AYX,0
OMVFKKV,0
ON6AE6K,0
ONDGRRX,0
ONJRFHC,0
ONNBXFG,0
OOLN1U3,0
OOX2ND9,0
OPSZ19U,0
OR1BWHA,0
OR60M28,0
ORFF1S0,0
ORJF5O1,0
ORLACYG,0
ORV073X,0
ORW83L9,0
OSQ1NWJ,0
OT0K4KO,0
OTE8DSL,0
OTEHB5Q,0
OU9TYRQ,0
OUHFADC,0
OUJMB18,0
OUSQTGK,0
OUT2E14,0
OVD5Q68,0
OW19LQC,0
OWR65E6,0
OYJBB4M,0
OYKVF9M,0
OYO6PDK,0
P0KSJ7U,0
P0RPZQ9,0
P2LNLL8,0
P4DFMD3,0
P51P22Q,0
P58N2BP,0
P5H9LD7,0
P5I7LYK,0
P6U658V,0
P7147SW,0
P7664II,0
P78PP54,0
P8CFRQ1,0
P8COJ9C,0
P8J0THB,0
P9G280Y,0
P9OPEF7,0
P9Z50IQ,0
PAGUKYX,0
PAKQIV1,0
PAN4DH5,0
PAO8NM2,0
PBVNY9P,0
PBZI95N,0
PDD5U0D,0
PDMGTC1,0
PE4USWW,0
PE557SE,0
PE5G0Q3,0
PEGQ2FM,0
PH4SNSJ,0
PIIY1XZ,0
PJXVZ2W,0
PKHFY5W,0
PKIRDTZ,0
PKRE4EC,0
PM6U0DX,0
PMLMNWW,0
PMLZ11G,0
PN62280,0
PNK7XH6,0
PO3CF7K,0
POI1LLI,0
PPPE304,0
PQW69ZO,0
PR6U1CN,0
PRB097K,0
PRF78K7,0
PRR8JI8,0
PT9KFIB,0
PTRH8Q0,0
PUQHDP8,0
PVJCKQ7,0
PW16K89,0
PW7RVZG,0
PWW449P,0
PX248AW,0
PX2LH25,0
PXIQYLT,0
PYJWPW8,0
PYZQC7S,0
PZ76M1Z,0
PZXIC21,0
Q06VTCB,0
Q18EEAQ,0
Q1F957K,0
Q1FVID7,0
Q1W538Q,0
Q31UCC5,0
Q33W77M,0
Q41MIR4,0
Q4V2ERM,0
Q4Z2JY4,0
Q5BT6V9,0
Q5DCEPN,0
Q5K4HC2,0
Q5QNH9A,0
Q67KQTF,0
Q6FK61F,0
Q784C7C,0
Q7NXLGZ,0
Q83PLY1,0
Q84M0BA,0
QA2CB9X,0
QA4CUAQ,0
QAC9INK,0
QAI9LN6,0
QALF71S,0
QB56YLQ,0
QBNJNX3,0
QCQIRFW,0
QCQU3QU,0
QD6VR9Y,0
QD96QJ9,0
QDC3Q90,0
QEJQIYG,0
QEKXMT5,0
QF2O3IZ,0
QFD03JE,0
QGICDSP,0
QGSN94C,0
QGVTTNU,0
QGZUM94,0
QH8HBS0,0
QHTVN2S,0
QIFVJHM,0
QJ7CZWZ,0
QJI3ZT0,0
QKD8TXQ,0
QKDPSZO,0
QKF0ADR,0
QLKG8XQ,0
QNOBI3C,0
QO3H2Y3,0
QOHOZK0,0
QOX42YQ,0
QP2XRDS,0
QPS4JHR,0
QQAP4GT,0
QR4J5AP,0
QRFYBQG,0
QS0Q7GR,0
QSM3IBT,0
QT790VN,0
QT8IQ6I,0
QTA9QM3,0
QUE01P4,0
QV7PJQ6,0
QW2GRVT,0
QWDVEHQ,0
QWZQZIL,0
QXCFRF7,0
QXU3L99,0
QYKZ8LB,0
QYL2O78,0
QYR0AVI,0
QZ2VP9M,0
QZKWY1U,0
R131DOR,0
R2VTKBC,0
R3C8605,0
R3QAR4Y,0
R3S0R56,0
R4AYQ9Q,0
R4CJUMZ,0
R4JCSPI,0
R4X96II,0
R5TN8PG,0
R5W5PJH,0
R7LC79U,0
R89EDHA,0
R8ADFBN,0
R8HHNIU,0
R92TR5R,0
R9D144U,0
R9FHIZ2,0
RA9SV88,0
RALF91J,0
RAU5FCY,0
RAZXT0I,0
RBKQQG2,0
RBRRFT4,0
RCIGTUW,0
RCS5KKM,0
RCZSXX4,0
RD4VEXH,0
RDJDL8H,0
RDJSHDL,0
RDT5MY4,0
REC5ZG5,0
REL285P,0
REYE9OO,0
RF6OK7T,0
RGB86QI,0
RI3D3QZ,0
RI5KYWM,0
RIX2CVS,0
RJKGGZN,0
RK1UQ8T,0
RKLC7JM,0
RL8GRMY,0
RLOEFRY,0
RLRC1YY,0
RLSKBNI,0
RLSY1LB,0
RLWEMTX,0
RMHRA1V,0
RN53YM8,0
RO29DH6,0
ROHOFMP,0
ROPLXIH,0
RP3H9OU,0
RP60OER,0
RPA7AL0,0
RPDD2N3,0
RQKRX4M,0
RRAK9G6,0
RRJ2WGK,0
RRN34O5,0
RRRE9WD,0
RSNC1SN,0
RSOZFS6,0
RTBNJ3Z,0
RU0YHRE,0
RUACWK8,0
RV9U4I5,0
RVAUNW8,0
RVBOCN1,0
RVXRKB2,0
RWDNKGI,0
RWV7W03,0
S06M0UJ,0
S0FJAS5,0
S0IJZWP,0
S0YQB65,0
S169Y8A,0
S21HNPJ,0
S2ILDDE,0
S2T8HUA,0
S3JY4YE,0
S3RD28B,0
S3WS9MG,0
S41S4X6,0
S4BI4FP,0
S4H523T,0
S4N3WKH,0
S4POZWO,0
S58518X,0
S5C7MDZ,0
S5CBFV2,0
S5J0K3Q,0
S6558XC,0
S697P25,0
S6FFCR4,0
S8GIRYM,0
S8J4SL5,0
S8TY584,0
S9M90RL,0
S9THK8M,0
SA4KWLB,0
SBKKGQG,0
SCBSDWS,0
SDCVXC4,0
SE4V6VG,0
SE6S8QG,0
SEDRGNR,0
SEYLEU4,0
SF3N097,0
SFTO5CE,0
SFUT4ZF,0
SFWGEIY,0
SGWST85,0
SHD3XZ5,0
SHWUE20,0
SHXEK1N,0
SIM8EH7,0
SIN3WGA,0
SIVMBA7,0
SJ6JFWX,0
SJGQOZT,0
SJPAORY,0
SK6FSBI,0
SKHO3X4,0
SKT6ULV,0
SKUGIRL,0
SL6BDZM,0
SLNZUUQ,0
SLP9AFT,0
SLSR00I,0
SO295JE,0
SOGC4A3,0
SP6WV4S,0
SPCBYZM,0
SQ0TSN5,0
SQBUQ32,0
SR7Y6DQ,0
SRNL4PZ,0
SRNWWJ6,0
SROSY4L,0
SS8EE9K,0
SSAS3GW,0
SSGG45Z,0
ST3WC36,0
SU1HUCF,0
SU3UBVK,0
SUD0344,0
SUK6V9F,0
SUPUT3D,0
SV1BJ7G,0
SV3G73Q,0
SVFDM4Y,0
SX3OHML,0
SY3ISEK,0
SY41WEA,0
SYDSEOR,0
SYEM7TX,0
SYM01SX,0
SZACS6F,0
T0JY6CB,0
T1L2LA0,0
T2SKT99,0
T2VQA12,0
T37MVYA,0
T4FJOOJ,0
T4LKFDG,0
T4XAS2Z,0
T5IUCHD,0
T5LIBHT,0
T5MMCBR,0
T6B1C7R,0
T75C55G,0
T7B7XQ9,0
T7CXUOD,0
T7GQ6GK,0
T7ST8QX,0
T7TO6V6,0
T8F45D3,0
T9D2SB5,0
TANYEFR,0
TB766TV,0
TCJ0IRL,0
TCMFWUK,0
TE76HFT,0
TF4LVON,0
TFT9J3Z,0
THQ7I5Z,0
TIACHU1,0
TIALLSD,0
TIPOXMS,0
TISFBP6,0
TJOKUZ8,0
TKU87EE,0
TLUHGRI,0
TM08X4R,0
TM54KYE,0
TMAPTGY,0
TMNUS3Q,0
TMOVD3M,0
TMSSO3N,0
TN7ZKT0,0
TNNZ5XX,0
TNQJODJ,0
TNRM88F,0
TNXS15R,0
TO6YUM3,0
TOAP45V,0
TORM63R,0
TPJWXWM,0
TQ1PVMG,0
TQ835UZ,0
TR525SH,0
TRERHMJ,0
TSLEPR3,0
TSP0POZ,0
TU8ZSP5,0
TV8FO97,0
TVUXGMH,0
TWO1H36,0
TXGGR96,0
TYD1DP9,0
TYYH828,0
TZ4XDSE,0
TZEA1WR,0
TZJCE11,0
TZLY5GY,0
TZWKN4D,0
U0MSL1Q,0
U0NOZQL,0
U1NYSAU,0
U20VW7Y,0
U362165,0
U3WNU2S,0
U41R76J,0
U43HSYS,0
U5NRYK9,0
U701X5N,0
U7BSIJA,0
UAYI16Q,0
UB7JB4J,0
UCFE9EH,0
UD3SBL9,0
UDBHLXV,0
UDMQ4LA,0
UDOGZA8,0
UDPTNLY,0
UE013OK,0
UE3P83S,0
UE9BARO,0
UFK4ZFP,0
UGPCRZT,0
UGTRKBB,0
UGW7RNI,0
UH7P1AS,0
UHB5EWH,0
UHE6906,0
UHSLSFW,0
UHXSW1N,0
UI976RE,0
UIMWSXL,0
UJ2HIUF,0
UJTV86E,0
UK2HI66,0
UK3YKHD,0
UKAU01Q,0
UKPALLP,0
UNFLTS6,0
UNZH5I8,0
UOTDW90,0
UPD3KPA,0
UQYDKDI,0
UR83T4D,0
URCOFX9,0
URH0M2X,0
URLG8H1,0
URX6WW6,0
USM9ZLG,0
USZNQEN,0
UTW5DNB,0
UVUMZC8,0
UWO9AXO,0
UWOXSU4,0
UWZN1Q4,0
UX9D2DJ,0
UX9GYP2,0
UYK29Z3,0
UZ11JY5,0
UZBJHBO,0
UZC175Y,0
UZE8XYV,0
UZECWKH,0
UZXA2RB,0
UZXJNMH,0
V05LWJV,0
V0FSJ06,0
V11CJBC,0
V1CJR57,0
V1H48ZR,0
V3VLVL4,0
V43I1WS,0
V4FF6LT,0
V4V7U69,0
V61MLVH,0
V6T1KR8,0
V7AZCCP,0
V8JMMCO,0
V9H4WF4,0
V9SX6AE,0
VAYIGLC,0
VB53FF7,0
VB58EZG,0
VBQFX37,0
VBXHAEF,0
VE065SE,0
VEMG2TH,0
VFPDZZI,0
VFY4LIP,0
VH42JJS,0
VHBFU3K,0
VHDLTBZ,0
VHP7IJL,0
VHTR0M5,0
VISBMFE,0
VJ44AEI,0
VJ5ATY5,0
VJWN9B8,0
VKF8YF0,0
VKGC8YJ,0
VL50SDD,0
VLANVQN,0
VLGP568,0
VLLW62O,0
VM1F1YU,0
VN1VF2H,0
VN4EILB,0
VNBEJQ3,0
VQB82D8,0
VQS1VL8,0
VRD0M26,0
VROLP7S,0
VRVMKAO,0
VSC2MIZ,0
VTGQQ8N,0
VTKZ00S,0
VTVUNYS,0
VU0DYVW,0
VU9ZG2L,0
VUGP851,0
VVCPKHC,0
VVGMWBW,0
VVH3B3F,0
VW3GAV5,0
VWCY6R6,0
VWSQBVE,0
VXSGL0T,0
VY926WC,0
VY9N4VN,0
VYUHRMZ,0
VZ3I3X1,0
VZLCCJ0,0
VZNHJTQ,0
W0H2ZM6,0
W157T1O,0
W1DSGGC,0
W1YBE69,0
W260CVX,0
W2DZK0N,0
W2F4TJO,0
W2PX403,0
W3FWA3R,0
W3LOJ1K,0
W3T8M2S,0
W3YSMJZ,0
W4L21AC,0
W4PE769,0
W4YBO3S,0
W60TOML,0
W63HG50,0
W6CWU89,0
W7KO2U9,0
W7LBO4F,0
W7LFKZH,0
W7Q78SX,0
W887OBA,0
W8NYJY0,0
W8QLVFF,0
W9SPEDA,0
WA5219D,0
WAAD1O3,0
WAQBWQG,0
WCJJF8R,0
WDCHTUK,0
WDNFLG3,0
WDS392W,0
WDY0KWI,0
WF10DJ9,0
WF92C3L,0
WFVA9GV,0
WG1O1AM,0
WG514ND,0
WH731A9,0
WH7IMHC,0
WHR39MU,0
WIV5LI1,0
WJ5XISW,0
WK0S02O,0
WKKKY3E,0
WL7W8LV,0
WLJGV8C,0
WM06XWX,0
WM9QZH2,0
WMWIMS1,0
WN2DDO4,0
WNUD2H3,0
WNWJODA,0
WO51IY9,0
WP25GME,0
WPL13V9,0
WPO042G,0
WQ1X7PR,0
WQGXDG4,0
WRKKZ8S,0
WSGICOW,0
WSMAZK5,0
WSNQ2MX,0
WTJN4AZ,0
WUNX4U5,0
WUXVF0G,0
WUZ1YLJ,0
WV45UYD,0
WVUGPBU,0
WW7MXFY,0
WWUHX0H,0
WX9HVHR,0
WX9WVC8,0
WXY59D3,0
WZ900CA,0
WZY82W6,0
WZZ79P0,0
X07TVBC,0
X0B7JYR,0
X0L5M4L,0
X0PXFCI,0
X1ONVIP,0
X32G50X,0
X439YGE,0
X4FP2UI,0
X4SHVWA,0
X5Y8C5O,0
X64MVWE,0
X6H72BU,0
X6QBI6P,0
X6VD8U7,0
X730H8O,0
X73LKI2,0
X909VFA,0
X92QD33,0
X9KK2GQ,0
X9O9LSO,0
XBCAFTD,0
XBG5K5H,0
XBPNMBA,0
XCD2PZW,0
XCP80QR,0
XEHJXAN,0
XEN0IUH,0
XFSO8D8,0
XGSJD6O,0
XGT4RW9,0
XGZHKQT,0
XHLSO5E,0
XHX4521,0
XI3Z8Q0,0
XIWLDOQ,0
XIXXD5X,0
XJK09J3,0
XJN0B1G,0
XK9824Y,0
XKFC905,0
XKUHALI,0
XLM2TOR,0
XLRFQQR,0
XM4ZJP9,0
XM70PJM,0
XMFUMTY,0
XMGMAO3,0
XNEJT8Q,0
XO3SNCZ,0
XOZP30U,0
XQL8C0R,0
XQNY012,0
XQRUKF8,0
XR6R2MZ,0
XRL96BL,0
XS6GAOT,0
XSHF6UX,0
XSI4VUQ,0
XVARA4B,0
XVWVAOM,0
XWKD64F,0
XWPKC7T,0
XX5ADET,0
XXQ4JM0,0
XXT245W,0
XYMV108,0
Y043B6T,0
Y0UHY9R,0
Y1JEJSG,0
Y27QF7R,0
Y28GDEC,0
Y2BOYLF,0
Y2DKJNA,0
Y3A1L2V,0
Y41TEE7,0
Y534MG5,0
Y5I5T0R,0
Y5KHHBJ,0
Y5KJF0C,0
Y5Q0ATS,0
Y5S61PQ,0
Y64OT4G,0
Y6AQ2VV,0
Y6Q4MZF,0
Y8Y3KUR,0
Y9EY9NF,0
Y9OTRN3,0
YAZ0UHC,0
YBPEECL,0
YC1FAB4,0
YC1ZILT,0
YCBZRIP,0
YD9789C,0
YDIPLK0,0
YDZKG7T,0
YF7LRB6,0
YGZZM8Z,0
YI5ZQTI,0
YJ7GF7J,0
YJAWSJL,0
YJII7XX,0
YJUROKX,0
YK41LXX,0
YK9VYPF,0
YL1GGX0,0
YL5GJFZ,0
YMCXTGA,0
YN6559R,0
YNLIOQA,0
YO9SFHW,0
YOHIXEU,0
YOHWUFN,0
YOOXDZ6,0
YPRT4BT,0
YQEPOXX,0
YQW1X8S,0
YRA8EM2,0
YRJ23A5,0
YS0X5RU,0
YS1HL55,0
YS2UR5I,0
YS7HFI4,0
YSGRJLC,0
YTBNSLB,0
YTLCZXY,0
YU27SPP,0
YUK838P,0
YUYKHB6,0
YUZRRGE,0
YVD2RV3,0
YVFJBPM,0
YVVZXPI,0
YVY3QZH,0
YX0GR58,0
YXB0TOL,0
YXBE4TU,0
YYCSSVS,0
YZOK7XP,0
Z133J5Y,0
Z18GBU1,0
Z2GLFX8,0
Z2Q0SGH,0
Z32D3F1,0
Z368QYM,0
Z3EEO24,0
Z3W41VK,0
Z3ZFNC7,0
Z4E3HNF,0
Z50I7WL,0
Z5C6SUG,0
Z5NB0QK,0
Z5X4NC2,0
Z69ZCUW,0
Z6X36FB,0
Z72U1IX,0
Z757FFX,0
Z78XE75,0
Z7IHSGR,0
Z7QOXK4,0
Z8METQ5,0
Z8MS2MZ,0
Z92H2E9,0
Z9SF498,0
Z9W3994,0
Z9ZXN7T,0
ZA1GI00,0
ZAOP6GY,0
ZAOZCTE,0
ZBARFIN,0
ZBB39SI,0
ZC4NRAW,0
ZC7IV2H,0
ZDIM74R,0
ZDYFXPA,0
ZE2VQ47,0
ZEWBZ5A,0
ZEZF1D8,0
ZF9QMXZ,0
ZGLUX80,0
ZI9YWWD,0
ZKENSNS,0
ZKQI32F,0
ZMJ3PWS,0
ZMJZSM5,0
ZN8O07B,0
ZNIBRMI,0
ZNQK40I,0
ZO34NL5,0
ZP6AYU3,0
ZPA103A,0
ZPK4B1A,0
ZQC8OFW,0
ZR380RR,0
ZSPIX7D,0
ZTKL2OU,0
ZTMXLV1,0
ZVH0VHN,0
ZVJO7M3,0
ZVOUBIU,0
ZVYA7UP,0
ZVYPHJF,0
ZW1WJ3T,0
ZW3AZC6,0
ZW59IMY,0
ZWYOP7T,0
ZX518YD,0
ZXJGA93,0
ZXO90OM,0
ZXTOTE4,0
ZZ37046,0
ZZKO0HF,0
ZZQN3L6,0
ZZTR6YO,0
